<odoo>
    <data>
        <!-- Vue formulaire -->
        <record id="view_hotel_reservation_form" model="ir.ui.view">
            <field name="name">hotel.reservation.form</field>
            <field name="model">hotel.reservation</field>
            <field name="arch" type="xml">
                <form string="Hotel Reservation">
                    <sheet>
                        <group>
                            <field name="name"/>
                            <field name="client_id"/>
                            <field name="room_id"/>
                            <field name="check_in"/>
                            <field name="check_out"/>
                            <field name="state"/>
                        </group>
                    </sheet>
                </form>
            </field>
        </record>

        <!-- Vue liste -->
        <record id="view_hotel_reservation_tree" model="ir.ui.view">
            <field name="name">hotel.reservation.tree</field>
            <field name="model">hotel.reservation</field>
            <field name="arch" type="xml">
                <tree string="Hotel Reservation">
                    <field name="name"/>
                    <field name="client_id"/>
                    <field name="room_id"/>
                    <field name="check_in"/>
                    <field name="check_out"/>
                    <field name="state"/>
                </tree>
            </field>
        </record>

        <!-- Vue calendrier -->
        <record id="view_hotel_reservation_calendar" model="ir.ui.view">
            <field name="name">hotel.reservation.calendar</field>
            <field name="model">hotel.reservation</field>
            <field name="arch" type="xml">
                <calendar string="Hotel Reservation"
                          date_start="check_in"
                          date_stop="check_out"
                          color="room_id">
                    <field name="name"/>
                    <field name="client_id"/>
                    <field name="room_id"/>
                </calendar>
            </field>
        </record>

        <!-- Action pour ouvrir les vues -->
        <record id="action_hotel_reservation" model="ir.actions.act_window">
            <field name="name">Hotel Reservations</field>
            <field name="res_model">hotel.reservation</field>
            <field name="view_mode">calendar,tree,form</field>
            <field name="view_id" ref="view_hotel_reservation_calendar"/>
        </record>

        <!-- Élément de menu pour accéder aux réservations -->
        <menuitem id="menu_hotel_reservation" name="Reservations" parent="menu_hotel_management" action="action_hotel_reservation"/>
    </data>
</odoo>
